<?xml version="1.0" encoding="UTF-8" standalone="yes"?>
<addon id="plugin.video.genesisresurrected" version="7.8.0" name="genesis resurrected Rd only" provider-name="bone">
	<requires>
		<import addon="xbmc.python" version="2.19.0" />
		<import addon="script.Superbeast.artwork" version="1.0.0" />
		<import addon="script.genesisresurrected.metadata" version="1.0.0" />
		<import addon="script.module.bonesresolver" />
		<import addon="script.module.metahandler" version="1.0.0" />
        <import addon="script.module.bonesrdscrapers" />
	</requires>
	<extension point="xbmc.python.pluginsource" library="genesisresurrected.py">
		<provides>video</provides>
	</extension>
	<extension point="xbmc.service" library="service.py" start="startup" />
	<extension point="xbmc.addon.metadata">
		<summary lang="en">genesis resurrected to enable rd and perm. go into bones resolver</summary>
		<description lang="en">Kindly note that genesisresurrected is not an official part of the media player you are running, and therefore not to be mentioned within official support channels, this addon has nothing to do with the media player itself, nor it’s intended use, it is simply a third party plugin which has been added to your system.</description>
		<disclaimer lang="en">The author does not host or distribute any of the content displayed by this addon. The author does not have any affiliation with the content provider.</disclaimer><platform>all</platform>
		<forum></forum>
		<website></website>
		<assets>
			<icon>icon.png</icon>
			<fanart>fanart.jpg</fanart>
			<screenshot></screenshot>
			<screenshot></screenshot>
			<screenshot></screenshot>
		</assets>
		<news></news>
	</extension>
</addon>
