<?xml version="1.0" encoding="UTF-8" standalone="yes"?>
<addon id="script.odin.metadata" version="1.0.0" name="Odin Metadata" provider-name="Bonecrusher">
	<requires>
		<import addon="xbmc.python" version="2.19.0"/>
	</requires>
	<extension point="xbmc.python.module" library="lib" />
	<extension point="xbmc.addon.metadata">
		<summary>Metadata for the PlexodusAddon</summary>
		<description>Metadata for Plexodusare maintained separately to make distribution of the the addon itself easier/faster.</description>
		<platform>all</platform>
	</extension>
</addon>
