<?xml version="1.0" encoding="UTF-8" standalone="yes"?>
<addon id="script.bonetorrent" name="bonetorrent" version="1.0.0" provider-name="bones">
    <requires>
        <import addon="xbmc.python" version="2.14.0"/>
        <import addon="script.module.requests" version="2.3.5"/>    
        <import addon="script.module.html5lib" version="0.999.0" optional="false"/>
        <import addon="script.module.beautifulsoup4" version="4.3.2"/>
    </requires>
    <extension point="xbmc.python.pluginsource" library="addon.py">
        <provides></provides>
    </extension>
    <extension point="xbmc.addon.metadata">
        <platform>all</platform>
        <summary><![CDATA[Torrent streaming 
        for KODI/XBMC.]]></summary>
        <description><![CDATA[Watch torrents directly from KODI/XBMC, without waiting.]]></description>
    </extension>
</addon>
