<favourites>

<favourite name="Bone Torrent Search" thumb="special://home\addons\plugin.video.bonetorrent\icon.png">ActivateWindow(10025,&quot;plugin://script.bonetorrent/tpb/search?query=[%MHF%]&amp;MHF_options=fanart%3Dspecial%3A%2F%2Fhome%2Faddons%5Cplugin.video.bonetorrent%5Cfanart.jpg%26_options_MHF&quot;)</favourite>

<favourite name="Rarbg Movies">ActivateWindow(10025,&quot;plugin://plugin.video.bonetorrentrssviewer/readRss/https%3A%2F%2Frarbg.to%2Frssdd.php%3Fcategories%3D14%3B15%3B16%3B17%3B21%3B22%3B42%3B44%3B45%3B46%3B47%3B48%26search%3D%26order%3Dseeders%26by%3DDESC/&quot;,return)</favourite>

<favourite name="Rarbg XXX">ActivateWindow(10025,&quot;plugin://plugin.video.bonetorrentrssviewer/readRss/https%3A%2F%2Frarbg.to%2Frssdd.php%3Fcategories%3D4/&quot;,return)</favourite>

<favourite name="Rarbg TV Shows">ActivateWindow(10025,&quot;plugin://plugin.video.bonetorrentrssviewer/readRss/https%3A%2F%2Frarbg.to%2Frssdd.php%3Fcategories%3D18%3B19%3B41/&quot;,return)</favourite>

<favourite name="Rarbg Music">ActivateWindow(10025,&quot;plugin://plugin.video.bonetorrentrssviewer/readRss/https%3A%2F%2Frarbg.to%2Frssdd.php%3Fcategories%3D23%3B24%3B25%3B26/&quot;,return)</favourite>

<favourite name="TPB Audio top 100">ActivateWindow(10025,&quot;plugin://plugin.video.bonetorrentrssviewer/readRss/https%3A%2F%2Ftpb.party%2Frss%2F%2Ftop100%2F100/&quot;,return)</favourite>

<favourite name="TPB Music Top 100">ActivateWindow(10025,&quot;plugin://plugin.video.bonetorrentrssviewer/readRss/https%3A%2F%2Ftpb.party%2Frss%2Ftop100%2F101/&quot;,return)</favourite>

<favourite name="TPB Audio books Top 100">ActivateWindow(10025,&quot;plugin://plugin.video.bonetorrentrssviewer/readRss/https%3A%2F%2Ftpb.party%2Frss%2Ftop100%2F102/&quot;,return)</favourite>

<favourite name="TPB Sound clips Top 100">ActivateWindow(10025,&quot;plugin://plugin.video.bonetorrentrssviewer/readRss/https%3A%2F%2Ftpb.party%2Frss%2Ftop100%2F103/&quot;,return)</favourite>

<favourite name="TPB FLAC Top 100">ActivateWindow(10025,&quot;plugin://plugin.video.bonetorrentrssviewer/readRss/https%3A%2F%2Ftpb.party%2Frss%2Ftop100%2F104/&quot;,return)</favourite>

<favourite name="TPB Video">ActivateWindow(10025,&quot;plugin://plugin.video.bonetorrentrssviewer/readRss/https%3A%2F%2Ftpb.party%2Frss%2F%2Ftop100%2F200/&quot;,return)</favourite>

<favourite name="TPB Movies Top1 00">ActivateWindow(10025,&quot;plugin://plugin.video.bonetorrentrssviewer/readRss/https%3A%2F%2Ftpb.party%2Frss%2Ftop100%2F201/&quot;,return)</favourite>

<favourite name="TPB Movies DVDR Top 100">ActivateWindow(10025,&quot;plugin://plugin.video.bonetorrentrssviewer/readRss/https%3A%2F%2Ftpb.party%2Frss%2Ftop100%2F202/&quot;,return)</favourite>

<favourite name="TPB Music videos Top 100">ActivateWindow(10025,&quot;plugin://plugin.video.bonetorrentrssviewer/readRss/https%3A%2F%2Ftpb.party%2Frss%2Ftop100%2F203/&quot;,return)</favourite>

<favourite name="TPB Movie clips Top 100">ActivateWindow(10025,&quot;plugin://plugin.video.bonetorrentrssviewer/readRss/https%3A%2F%2Ftpb.party%2Frss%2Ftop100%2F204/&quot;,return)</favourite>

<favourite name="TPB HD - Movies Top 100">ActivateWindow(10025,&quot;plugin://plugin.video.bonetorrentrssviewer/readRss/https%3A%2F%2Ftpb.party%2Frss%2Ftop100%2F207/&quot;,return)</favourite>

<favourite name="TPB TV shows Top 100">ActivateWindow(10025,&quot;plugin://plugin.video.bonetorrentrssviewer/readRss/https://tpb.party/rss/top100/205/&quot;,return)</favourite>

<favourite name="TPB Handheld Top 100">ActivateWindow(10025,&quot;plugin://plugin.video.bonetorrentrssviewer/readRss/https%3A%2F%2Ftpb.party%2Frss%2Ftop100%2F206/&quot;,return)</favourite>

<favourite name="TPB HD - TV shows Top 100">ActivateWindow(10025,&quot;plugin://plugin.video.bonetorrentrssviewer/readRss/https%3A%2F%2Ftpb.party%2Frss%2Ftop100%2F208/&quot;,return)</favourite>

<favourite name="TPB 3D Top 100">ActivateWindow(10025,&quot;plugin://plugin.video.bonetorrentrssviewer/readRss/https%3A%2F%2Ftpb.party%2Frss%2Ftop100%2F209/&quot;,return)</favourite>

<favourite name="TPB Porn">ActivateWindow(10025,&quot;plugin://plugin.video.bonetorrentrssviewer/readRss/https%3A%2F%2Ftpb.party%2Frss%2F%2Ftop100%2F500/&quot;,return)</favourite>

<favourite name="TPB Movies Top 100">ActivateWindow(10025,&quot;plugin://plugin.video.bonetorrentrssviewer/readRss/https%3A%2F%2Ftpb.party%2Frss%2Ftop100%2F501/&quot;,return)</favourite>

<favourite name="TPB Movies DVDR Top 100">ActivateWindow(10025,&quot;plugin://plugin.video.bonetorrentrssviewer/readRss/https://tpb.party/rss/top100/502/&quot;,return)</favourite>

<favourite name="TPB Pictures Top 100">ActivateWindow(10025,&quot;plugin://plugin.video.bonetorrentrssviewer/readRss/https://tpb.party/rss/top100/503/&quot;,return)</favourite>

<favourite name="TPB HD - Movies Top 100">ActivateWindow(10025,&quot;plugin://plugin.video.bonetorrentrssviewer/readRss/https%3A%2F%2Ftpb.party%2Frss%2Ftop100%2F505/&quot;,return)</favourite>

<favourite name="TPB Movie clips Top 100">ActivateWindow(10025,&quot;plugin://plugin.video.bonetorrentrssviewer/readRss/https%3A%2F%2Ftpb.party%2Frss%2Ftop100%2F506/&quot;,return)</favourite>

<favourite name=" Elementum ">ActivateWindow(10025,&quot;plugin://plugin.video.bonetorrentrssviewer/readRss/http%3A%2F%2Fno.link/&quot;,return)</favourite>

<favourite name="elementum TV Shows" thumb="special://home/addons/plugin.video.elementum/icon.png">ActivateWindow(10025,&quot;plugin://plugin.video.elementum/shows/search?q=[%MHF%]&amp;MHF_options=fanart%3Dspecial%3A%2F%2Fhome%2Faddons%5Cplugin.video.elementum%5Cfanart.jpg%26_options_MHF&quot;,return)</favourite>
	
<favourite name="elementum Movies" thumb="special://home/addons/plugin.video.elementum/icon.png">ActivateWindow(10025,&quot;plugin://plugin.video.elementum/movies/search?q=[%MHF%]&amp;MHF_options=fanart%3Dspecial%3A%2F%2Fhome%2Faddons%5Cplugin.video.elementum%5Cfanart.jpg%26_options_MHF&quot;,return)</favourite>

<favourite name="WatchDogs Torrent Search" thumb="special://home\addons\plugin.video.wdtorrent\icon.png">ActivateWindow(10025,&quot;plugin://script.wdtorrent/tpb/search?query=[%MHF%]&amp;MHF_options=fanart%3Dspecial%3A%2F%2Fhome%2Faddons%5Cplugin.video.wdtorrent%5Cfanart.jpg%26_options_MHF&quot;)</favourite>

<favourite name="Rarbg Movies">ActivateWindow(10025,&quot;plugin://plugin.video.wdtorrentrssviewer/readRss/https%3A%2F%2Frarbg.to%2Frssdd.php%3Fcategories%3D14%3B15%3B16%3B17%3B21%3B22%3B42%3B44%3B45%3B46%3B47%3B48%26search%3D%26order%3Dseeders%26by%3DDESC/&quot;,return)</favourite>

<favourite name="Rarbg XXX">ActivateWindow(10025,&quot;plugin://plugin.video.wdtorrentrssviewer/readRss/https%3A%2F%2Frarbg.to%2Frssdd.php%3Fcategories%3D4/&quot;,return)</favourite>

<favourite name="Rarbg TV Shows">ActivateWindow(10025,&quot;plugin://plugin.video.wdtorrentrssviewer/readRss/https%3A%2F%2Frarbg.to%2Frssdd.php%3Fcategories%3D18%3B19%3B41/&quot;,return)</favourite>

<favourite name="Rarbg Music">ActivateWindow(10025,&quot;plugin://plugin.video.wdtorrentrssviewer/readRss/https%3A%2F%2Frarbg.to%2Frssdd.php%3Fcategories%3D23%3B24%3B25%3B26/&quot;,return)</favourite>

<favourite name="TPB Audio top 100">ActivateWindow(10025,&quot;plugin://plugin.video.wdtorrentrssviewer/readRss/https%3A%2F%2Ftpb.party%2Frss%2F%2Ftop100%2F100/&quot;,return)</favourite>

<favourite name="TPB Music Top 100">ActivateWindow(10025,&quot;plugin://plugin.video.wdtorrentrssviewer/readRss/https%3A%2F%2Ftpb.party%2Frss%2Ftop100%2F101/&quot;,return)</favourite>

<favourite name="TPB Audio books Top 100">ActivateWindow(10025,&quot;plugin://plugin.video.wdtorrentrssviewer/readRss/https%3A%2F%2Ftpb.party%2Frss%2Ftop100%2F102/&quot;,return)</favourite>

<favourite name="TPB Sound clips Top 100">ActivateWindow(10025,&quot;plugin://plugin.video.wdtorrentrssviewer/readRss/https%3A%2F%2Ftpb.party%2Frss%2Ftop100%2F103/&quot;,return)</favourite>

<favourite name="TPB FLAC Top 100">ActivateWindow(10025,&quot;plugin://plugin.video.wdtorrentrssviewer/readRss/https%3A%2F%2Ftpb.party%2Frss%2Ftop100%2F104/&quot;,return)</favourite>

<favourite name="TPB Video">ActivateWindow(10025,&quot;plugin://plugin.video.wdtorrentrssviewer/readRss/https%3A%2F%2Ftpb.party%2Frss%2F%2Ftop100%2F200/&quot;,return)</favourite>

<favourite name="TPB Movies Top1 00">ActivateWindow(10025,&quot;plugin://plugin.video.wdtorrentrssviewer/readRss/https%3A%2F%2Ftpb.party%2Frss%2Ftop100%2F201/&quot;,return)</favourite>

<favourite name="TPB Movies DVDR Top 100">ActivateWindow(10025,&quot;plugin://plugin.video.wdtorrentrssviewer/readRss/https%3A%2F%2Ftpb.party%2Frss%2Ftop100%2F202/&quot;,return)</favourite>

<favourite name="TPB Music videos Top 100">ActivateWindow(10025,&quot;plugin://plugin.video.wdtorrentrssviewer/readRss/https%3A%2F%2Ftpb.party%2Frss%2Ftop100%2F203/&quot;,return)</favourite>

<favourite name="TPB Movie clips Top 100">ActivateWindow(10025,&quot;plugin://plugin.video.wdtorrentrssviewer/readRss/https%3A%2F%2Ftpb.party%2Frss%2Ftop100%2F204/&quot;,return)</favourite>

<favourite name="TPB HD - Movies Top 100">ActivateWindow(10025,&quot;plugin://plugin.video.wdtorrentrssviewer/readRss/https%3A%2F%2Ftpb.party%2Frss%2Ftop100%2F207/&quot;,return)</favourite>

<favourite name="TPB TV shows Top 100">ActivateWindow(10025,&quot;plugin://plugin.video.wdtorrentrssviewer/readRss/https://tpb.party/rss/top100/205/&quot;,return)</favourite>

<favourite name="TPB Handheld Top 100">ActivateWindow(10025,&quot;plugin://plugin.video.wdtorrentrssviewer/readRss/https%3A%2F%2Ftpb.party%2Frss%2Ftop100%2F206/&quot;,return)</favourite>

<favourite name="TPB HD - TV shows Top 100">ActivateWindow(10025,&quot;plugin://plugin.video.wdtorrentrssviewer/readRss/https%3A%2F%2Ftpb.party%2Frss%2Ftop100%2F208/&quot;,return)</favourite>

<favourite name="TPB 3D Top 100">ActivateWindow(10025,&quot;plugin://plugin.video.wdtorrentrssviewer/readRss/https%3A%2F%2Ftpb.party%2Frss%2Ftop100%2F209/&quot;,return)</favourite>

<favourite name="TPB Porn">ActivateWindow(10025,&quot;plugin://plugin.video.wdtorrentrssviewer/readRss/https%3A%2F%2Ftpb.party%2Frss%2F%2Ftop100%2F500/&quot;,return)</favourite>

<favourite name="TPB Movies Top 100">ActivateWindow(10025,&quot;plugin://plugin.video.wdtorrentrssviewer/readRss/https%3A%2F%2Ftpb.party%2Frss%2Ftop100%2F501/&quot;,return)</favourite>

<favourite name="TPB Movies DVDR Top 100">ActivateWindow(10025,&quot;plugin://plugin.video.wdtorrentrssviewer/readRss/https://tpb.party/rss/top100/502/&quot;,return)</favourite>

<favourite name="TPB Pictures Top 100">ActivateWindow(10025,&quot;plugin://plugin.video.wdtorrentrssviewer/readRss/https://tpb.party/rss/top100/503/&quot;,return)</favourite>

<favourite name="TPB HD - Movies Top 100">ActivateWindow(10025,&quot;plugin://plugin.video.wdtorrentrssviewer/readRss/https%3A%2F%2Ftpb.party%2Frss%2Ftop100%2F505/&quot;,return)</favourite>

<favourite name="TPB Movie clips Top 100">ActivateWindow(10025,&quot;plugin://plugin.video.wdtorrentrssviewer/readRss/https%3A%2F%2Ftpb.party%2Frss%2Ftop100%2F506/&quot;,return)</favourite>


</favourites>