<?xml version="1.0" encoding="UTF-8" standalone="yes"?>
<addon id="script.bcreborn.metadata" version="1.0.2" name="Bone Crusher Reborn Metadata" provider-name="Bone Crusher">
	<requires>
		<import addon="xbmc.python" version="2.19.0"/>
	</requires>
	<extension point="xbmc.python.module" library="lib" />
	<extension point="xbmc.addon.metadata">
		<summary>Metadata for the Bone Crusher Reborn Addon</summary>
		<description>Metadata for Bone Crusher Reborn are maintained separately to make distribution of the the addon itself easier/faster.</description>
		<platform>all</platform>
	</extension>
</addon>
