<?xml version="1.0" encoding="UTF-8" standalone="yes"?>
<addon id="script.bonedebrid" name="BoneDebrid" version="0.5" provider-name="Bones">
	<requires>
        <import addon="script.module.requests" version="2.3.0"/>
    </requires>
    <extension point="xbmc.python.pluginsource" library="default.py">
		<provides>executable</provides>
	</extension>
    <extension point="kodi.context.item">
        <menu id="kodi.core.main">
          <item library="addon.py">
            <label>Play using BoneDebrid A fork of ptoms RealDebrid Script</label>
            <visible>Container.Content(episodes) | Container.Content(movies)</visible>
          </item>
        </menu>
      </extension>
	<extension point="xbmc.python.module" library="lib" />
	<extension point="xbmc.addon.metadata">
		<description lang="en">Unofficial RealDebrid client. Manage your torrents, unrestricted links and view host statuses all within Kodi.</description>
        <summary>Unofficial RealDebrid client. Manage your torrents, unrestricted links and view host statuses all within Kodi.</summary>
        <news>v0.5 - added "Play using RealDebrid" to context menu</news>
        <website>http://www.ptom.co.uk</website>
		<platform>all</platform>
		<language>en</language>
		<email>ptom98@gmail.com</email>
	</extension>
</addon>
