<?xml version="1.0" encoding="UTF-8" standalone="yes"?>
<addon id="plugin.video.bonetorrentrssviewer" name="[COLOR ffff9900]Bones Torrent RSS[/COLOR] Viewer" version="1.0.0"
       provider-name="Bones">
    <requires>
        <import addon="xbmc.python" version="2.12.0"/>
        <import addon="script.module.mctools" optional="false"/>
    </requires>
    <extension point="xbmc.python.pluginsource" library="main.py">
        <provides>video</provides>
    </extension>
    <extension point="xbmc.service" library="service.py" start="login">
    </extension>
    <extension point="xbmc.addon.metadata">
        <summary lang="en">Bones Torrent RSS viewer</summary>
        <summary lang="es">Visor de enlaces RSS Torrents</summary>
        <description lang="en">This Add-on allows to view links from RSS source to be play for Pulsar, XBMCtorrent,
            KmediaTorrent, Torrenter V2 or YATP with additional local library integration option
        </description>
        <description lang="es">Este Add-on permite ver los enlaces de fuentes RSS para ser reproducidas por medio de
            Pulsar, XBMCtorrent, KmediaTorrent, Torrenter V2 o YATP con opción adicional de integración a la librería
            local
        </description>
        <language></language>
        <platform>all</platform>
        <forum></forum>
        <disclaimer lang="en">It is just for educational purpose[CR]Check if it is illegal in your country to use.
        </disclaimer>
        <license>GNU GENERAL PUBLIC LICENSE. Version 2, June 1991</license>
    </extension>
</addon>
